{
	"layouts": [
		{
			"name": "alphanumeric-symbols",
			"rows": [ 
				
				[   
					{ "label": "1", "value": "1", "type": "key", "width": 1 },
					{ "label": "2", "value": "2", "type": "key", "width": 1 },
					{ "label": "3", "value": "3", "type": "key", "width": 1 },
					{ "label": "4", "value": "4", "type": "key", "width": 1 },
                    { "label": "5", "value": "5", "type": "key", "width": 1 }
				],
				[   
					{ "label": "6", "value": "6", "type": "key", "width": 1 },
					{ "label": "7", "value": "7", "type": "key", "width": 1 },
					{ "label": "8", "value": "8", "type": "key", "width": 1 },
					{ "label": "9", "value": "9", "type": "key", "width": 1 },
					{ "label": "0", "value": "0", "type": "key", "width": 1 }
				],
				[
					{ "label": "DELETE", "value": "delete", "type": "action", "width": 2, "cssClass": "key-small" },
					{ "label": "CLEAR", "value": "clear", "type": "action", "width": 2, "cssClass": "key-small" }
				],
                [
                    { "label": "Next", "value": "next", "type": "action", "width": 6, "cssClass": "key-small key-primary" }
                ]
			]
		}
	]
}