{
	"layouts": [
		{
			"name": "alphanumeric-symbols",
			"rows": [ 
				[   
					{ "label": "a", "value": "a", "type": "key", "width": 1 },
					{ "label": "b", "value": "b", "type": "key", "width": 1 },
					{ "label": "c", "value": "c", "type": "key", "width": 1 },
					{ "label": "d", "value": "d", "type": "key", "width": 1 },
					{ "label": "e", "value": "e", "type": "key", "width": 1 },
					{ "label": "f", "value": "f", "type": "key", "width": 1 }
				],
				[   
					{ "label": "g", "value": "g", "type": "key", "width": 1 },
					{ "label": "h", "value": "h", "type": "key", "width": 1 },
					{ "label": "i", "value": "i", "type": "key", "width": 1 },
					{ "label": "j", "value": "j", "type": "key", "width": 1 },
					{ "label": "k", "value": "k", "type": "key", "width": 1 },
					{ "label": "l", "value": "l", "type": "key", "width": 1 }
				],
				[   
					{ "label": "m", "value": "m", "type": "key", "width": 1 },
					{ "label": "n", "value": "n", "type": "key", "width": 1 },
					{ "label": "o", "value": "o", "type": "key", "width": 1 },
					{ "label": "p", "value": "p", "type": "key", "width": 1 },
					{ "label": "q", "value": "q", "type": "key", "width": 1 },
					{ "label": "r", "value": "r", "type": "key", "width": 1 }
				],
				[   
					{ "label": "s", "value": "s", "type": "key", "width": 1 },
					{ "label": "t", "value": "t", "type": "key", "width": 1 },
					{ "label": "u", "value": "u", "type": "key", "width": 1 },
					{ "label": "v", "value": "v", "type": "key", "width": 1 },
					{ "label": "w", "value": "w", "type": "key", "width": 1 },
					{ "label": "x", "value": "x", "type": "key", "width": 1 }
				],
				[   
					{ "label": "y", "value": "y", "type": "key", "width": 1 },
					{ "label": "z", "value": "z", "type": "key", "width": 1 },
					{ "label": "1", "value": "1", "type": "key", "width": 1 },
					{ "label": "2", "value": "2", "type": "key", "width": 1 },
					{ "label": "3", "value": "3", "type": "key", "width": 1 },
					{ "label": "4", "value": "4", "type": "key", "width": 1 }
				],
				[   
					{ "label": "5", "value": "5", "type": "key", "width": 1 },
					{ "label": "6", "value": "6", "type": "key", "width": 1 },
					{ "label": "7", "value": "7", "type": "key", "width": 1 },
					{ "label": "8", "value": "8", "type": "key", "width": 1 },
					{ "label": "9", "value": "9", "type": "key", "width": 1 },
					{ "label": "0", "value": "0", "type": "key", "width": 1 }
				],
				[   
					{ "label": "ABC", "value": "ABC", "type": "action", "width": 1, "cssClass": "key-small" },
					{ "label": ".", "value": ".", "type": "key", "width": 1 },
                    { "label": "_", "value": "_", "type": "key", "width": 1 },
                    { "label": "@", "value": "@", "type": "key", "width": 1 },
                    { "label": ".com", "value": ".com", "type": "key", "width": 1, "cssClass": "key-small" },
					{ "label": "#+=", "value": "symbols", "type": "action", "width": 1, "cssClass": "key-small" }
				],
				[
					{ "label": "SPACE", "value": " ", "type": "key", "width": 2, "cssClass": "key-small" },
					{ "label": "DELETE", "value": "delete", "type": "action", "width": 2, "cssClass": "key-small" },
					{ "label": "CLEAR", "value": "clear", "type": "action", "width": 2, "cssClass": "key-small" }
				],
                [
                    { "label": "Next", "value": "next", "type": "action", "width": 6, "cssClass": "key-small key-primary" }
                ]
			]
		},
        {
            "name": "ALPHANUMERIC-SYMBOLS",
			"rows": [ 
                [   
                    { "label": "A", "value": "A", "type": "key", "width": 1 },
                    { "label": "B", "value": "B", "type": "key", "width": 1 },
                    { "label": "C", "value": "C", "type": "key", "width": 1 },
                    { "label": "D", "value": "D", "type": "key", "width": 1 },
                    { "label": "E", "value": "E", "type": "key", "width": 1 },
                    { "label": "F", "value": "F", "type": "key", "width": 1 }
                ],
                [   
                    { "label": "G", "value": "G", "type": "key", "width": 1 },
                    { "label": "H", "value": "H", "type": "key", "width": 1 },
                    { "label": "I", "value": "I", "type": "key", "width": 1 },
                    { "label": "J", "value": "J", "type": "key", "width": 1 },
                    { "label": "K", "value": "K", "type": "key", "width": 1 },
                    { "label": "L", "value": "L", "type": "key", "width": 1 }
                ],
                [   
                    { "label": "M", "value": "M", "type": "key", "width": 1 },
                    { "label": "N", "value": "N", "type": "key", "width": 1 },
                    { "label": "O", "value": "O", "type": "key", "width": 1 },
                    { "label": "P", "value": "P", "type": "key", "width": 1 },
                    { "label": "Q", "value": "Q", "type": "key", "width": 1 },
                    { "label": "R", "value": "R", "type": "key", "width": 1 }
                ],
                [   
                    { "label": "S", "value": "S", "type": "key", "width": 1 },
                    { "label": "T", "value": "T", "type": "key", "width": 1 },
                    { "label": "U", "value": "U", "type": "key", "width": 1 },
                    { "label": "V", "value": "V", "type": "key", "width": 1 },
                    { "label": "W", "value": "W", "type": "key", "width": 1 },
                    { "label": "X", "value": "X", "type": "key", "width": 1 }
                ],
                [   
                    { "label": "Y", "value": "Y", "type": "key", "width": 1 },
                    { "label": "Z", "value": "Z", "type": "key", "width": 1 },
                    { "label": "1", "value": "1", "type": "key", "width": 1 },
                    { "label": "2", "value": "2", "type": "key", "width": 1 },
                    { "label": "3", "value": "3", "type": "key", "width": 1 },
                    { "label": "4", "value": "4", "type": "key", "width": 1 }
                ],
				[   
					{ "label": "5", "value": "5", "type": "key", "width": 1 },
					{ "label": "6", "value": "6", "type": "key", "width": 1 },
					{ "label": "7", "value": "7", "type": "key", "width": 1 },
					{ "label": "8", "value": "8", "type": "key", "width": 1 },
					{ "label": "9", "value": "9", "type": "key", "width": 1 },
					{ "label": "0", "value": "0", "type": "key", "width": 1 }
				],
				[   
					{ "label": "abc", "value": "abc", "type": "action", "width": 1, "cssClass": "key-small" },
					{ "label": ".", "value": ".", "type": "key", "width": 1 },
                    { "label": "_", "value": "_", "type": "key", "width": 1 },
                    { "label": "@", "value": "@", "type": "key", "width": 1 },
                    { "label": ".com", "value": ".com", "type": "key", "width": 1, "cssClass": "key-small" },
					{ "label": "#+=", "value": "symbols", "type": "action", "width": 1, "cssClass": "key-small" }
				],
				[
					{ "label": "SPACE", "value": " ", "type": "key", "width": 2, "cssClass": "key-small" },
					{ "label": "DELETE", "value": "delete", "type": "action", "width": 2, "cssClass": "key-small" },
					{ "label": "CLEAR", "value": "clear", "type": "action", "width": 2, "cssClass": "key-small" }
				],
                [
                    { "label": "Next", "value": "next", "type": "action", "width": 6, "cssClass": "key-small key-primary" }
                ]
            ]
        },
        {
            "name": "symbols",
			"rows": [ 
                [   
                    { "label": "1", "value": "1", "type": "key", "width": 1 },
                    { "label": "2", "value": "2", "type": "key", "width": 1 },
                    { "label": "3", "value": "3", "type": "key", "width": 1 },
                    { "label": "4", "value": "4", "type": "key", "width": 1 },
					{ "label": "5", "value": "5", "type": "key", "width": 1 },
					{ "label": "6", "value": "6", "type": "key", "width": 1 }
                ],
				[   
					{ "label": "7", "value": "7", "type": "key", "width": 1 },
					{ "label": "8", "value": "8", "type": "key", "width": 1 },
					{ "label": "9", "value": "9", "type": "key", "width": 1 },
					{ "label": "0", "value": "0", "type": "key", "width": 1 },
                    { "label": "<", "value": "<", "type": "key", "width": 1 },
                    { "label": ">", "value": ">", "type": "key", "width": 1 }
				],
                [
                    { "label": "`", "value": "`", "type": "key", "width": 1 },
                    { "label": "~", "value": "~", "type": "key", "width": 1 },
                    { "label": "#", "value": "#", "type": "key", "width": 1 },
                    { "label": "$", "value": "$", "type": "key", "width": 1 },
                    { "label": "%", "value": "%", "type": "key", "width": 1 },
                    { "label": "^", "value": "^", "type": "key", "width": 1 }
                ],
                [   
                    { "label": "&", "value": "&", "type": "key", "width": 1 },
                    { "label": "*", "value": "*", "type": "key", "width": 1 },
                    { "label": "(", "value": "(", "type": "key", "width": 1 },
                    { "label": ")", "value": ")", "type": "key", "width": 1 },
                    { "label": "=", "value": "=", "type": "key", "width": 1 },
                    { "label": "-", "value": "-", "type": "key", "width": 1 }
                ],
                [   
                    { "label": "+", "value": "+", "type": "key", "width": 1 },
                    { "label": "[", "value": "[", "type": "key", "width": 1 },
                    { "label": "]", "value": "]", "type": "key", "width": 1 },
                    { "label": "{", "value": "{", "type": "key", "width": 1 },
                    { "label": "}", "value": "}", "type": "key", "width": 1 },
                    { "label": "|", "value": "|", "type": "key", "width": 1 }
                ],
                [   
                    { "label": "\\", "value": "\\", "type": "key", "width": 1 },
                    { "label": "/", "value": "/", "type": "key", "width": 1 },
                    { "label": ";", "value": ";", "type": "key", "width": 1 },
                    { "label": ":", "value": ":", "type": "key", "width": 1 },
                    { "label": "'", "value": "'", "type": "key", "width": 1 },
                    { "label": "\"", "value": "\"", "type": "key", "width": 1 }
                ],
				[   
					{ "label": ",", "value": ",", "type": "key", "width": 1 },
					{ "label": ".", "value": ".", "type": "key", "width": 1 },
                    { "label": "_", "value": "_", "type": "key", "width": 1 },
                    { "label": "?", "value": "?", "type": "key", "width": 1 },
                    { "label": "!", "value": "!", "type": "key", "width": 1 },
					{ "label": "abc", "value": "abc", "type": "action", "width": 1, "cssClass": "key-small" }
				],
				[
					{ "label": "SPACE", "value": " ", "type": "key", "width": 2, "cssClass": "key-small" },
					{ "label": "DELETE", "value": "delete", "type": "action", "width": 2, "cssClass": "key-small" },
					{ "label": "CLEAR", "value": "clear", "type": "action", "width": 2, "cssClass": "key-small" }
				],
                [
                    { "label": "Next", "value": "next", "type": "action", "width": 6, "cssClass": "key-small key-primary" }
                ]
            ]
        }
	]
}